,tokens_num,unknown_tokens_num
count,17779.0,17779.0
mean,74.91360593959165,8.964396197761404
std,48.50060122513112,8.450615117902258
min,7.0,0.0
25%,54.0,4.0
50%,77.0,8.0
75%,88.0,12.0
max,1248.0,317.0
