,tokens_num,unknown_tokens_num
count,3900.0,3900.0
mean,25.28923076923077,1.1643589743589744
std,21.47446247338278,2.2121192628551047
min,8.0,0.0
25%,16.0,0.0
50%,21.0,1.0
75%,27.0,2.0
max,426.0,57.0
